PC Name,State ,Winner,Party,Year,PC NO
 Adilabad  , Andhra Pradesh  , Rathod Ramesh  ,TDP  ,2009,1
 Peddapalle  , Andhra Pradesh  , Dr.G.Vivekanand  ,INC  ,2009,2
 Karimnagar  , Andhra Pradesh  , Ponnam Prabhakar  ,INC  ,2009,3
 Nizamabad  , Andhra Pradesh  , Madhu Yaskhi Goud  ,INC  ,2009,4
 Zahirabad  , Andhra Pradesh  , Suresh Kumar Shetkar  ,INC  ,2009,5
 Medak  , Andhra Pradesh  , Vijaya Shanthi .M  ,TRS  ,2009,6
 Malkajgiri  , Andhra Pradesh  , Sarvey Sathyanarayana  ,INC  ,2009,7
 Secundrabad  , Andhra Pradesh  , Anjan Kumar Yadav M  ,INC  ,2009,8
 Hyderabad  , Andhra Pradesh  , Asaduddin Owaisi  ,AIMIM,2009,9
 Chelvella  , Andhra Pradesh  , Jaipal Reddy Sudini  ,INC  ,2009,10
 Mahbubnagar  , Andhra Pradesh  , K. Chandrasekhar Rao  ,TRS  ,2009,11
 Nagarkurnool  , Andhra Pradesh  , Dr. Manda Jagannath  ,INC  ,2009,12
 Nalgonda  , Andhra Pradesh  , Gutha Sukender Reddy  ,INC  ,2009,13
 Bhongir  , Andhra Pradesh  , Komatireddy Raj Gopal Reddy  ,INC  ,2009,14
 Warangal  , Andhra Pradesh  , Rajaiah Siricilla  ,INC  ,2009,15
 Mahabubabad  , Andhra Pradesh  , P. Balram  ,INC  ,2009,16
 Khammam  , Andhra Pradesh  , Nama Nageswara Rao  ,TDP  ,2009,17
 Aruku  , Andhra Pradesh  , Kishore Chandra Suryanarayana Deo Vyricherla  ,INC  ,2009,18
 Srikakulam  , Andhra Pradesh  , Killi Krupa Rani  ,INC  ,2009,19
 Vizianagaram  , Andhra Pradesh  , Jhansi Lakshmi Botcha  ,INC  ,2009,20
 Visakhapatnam  , Andhra Pradesh  , Daggubati Purandeswari  ,INC  ,2009,21
 Anakapalli  , Andhra Pradesh  , Sabbam Hari  ,INC  ,2009,22
 Kakinada  , Andhra Pradesh  , M.M.Pallamraju  ,INC  ,2009,23
 Amalapuram  , Andhra Pradesh  , G.V.Harsha Kumar  ,INC  ,2009,24
 Rajahmundry  , Andhra Pradesh  , Aruna Kumar Vundavalli  ,INC  ,2009,25
 Narsapuram  , Andhra Pradesh  , Bapiraju Kanumuru  ,INC  ,2009,26
 Eluru  , Andhra Pradesh  , Kavuri Sambasiva Rao  ,INC  ,2009,27
 Machilipatnam  , Andhra Pradesh  , Konakalla Narayana Rao  ,TDP  ,2009,28
 Vijayawada  , Andhra Pradesh  , Lagadapati Raja Gopal  ,INC  ,2009,29
 Guntur  , Andhra Pradesh  , Rayapati Sambasiva Rao  ,INC  ,2009,30
 Narasaraopet  , Andhra Pradesh  , Modugula Venugopala Reddy  ,TDP  ,2009,31
 Bapatla  , Andhra Pradesh  , Panabaka Lakshmi  ,INC  ,2009,32
 Ongole  , Andhra Pradesh  , Magunta Srinivasulu Reddy  ,INC  ,2009,33
 Nandyal  , Andhra Pradesh  , S.P.Y.Reddy  ,INC  ,2009,34
 Kurnool  , Andhra Pradesh  , Kotla Jaya Surya Prakash Reddy  ,INC  ,2009,35
 Anantapur  , Andhra Pradesh  , Anantha Venkata Rami Reddy  ,INC  ,2009,36
 Hindupur  , Andhra Pradesh  , Kristappa Nimmala  ,TDP  ,2009,37
 Kadapa  , Andhra Pradesh  , Y.S. Jagan Mohan Reddy  ,INC  ,2009,38
 Nellore  , Andhra Pradesh  , Mekapati Rajamohan Reddy  ,INC  ,2009,39
 Tirupati  , Andhra Pradesh  , Chinta Mohan  ,INC  ,2009,40
 Rajampet  , Andhra Pradesh  , Annayyagari Sai Prathap  ,INC  ,2009,41
 Chittoor  , Andhra Pradesh  , Naramalli Sivaprasad  ,TDP  ,2009,42
 Valmiki Nagar  , Bihar  , Baidyanath Prasad Mahto  ,JD(U),2009,1
 Paschim Champaran  , Bihar  , Dr. Sanjay Jaiswal  ,BJP,2009,2
 Purvi Champaran  , Bihar  , Radha Mohan Singh  ,BJP,2009,3
 Sheohar  , Bihar  , Rama Devi  ,BJP,2009,4
 Sitamarhi  , Bihar  , Arjun Roy  ,JD(U),2009,5
 Madhubani  , Bihar  , Hukmadeo Narayan Yadav  ,BJP,2009,6
 Jhanjharpur  , Bihar  , Mangani Lal Mandal  ,JD(U),2009,7
 Supaul  , Bihar  , Vishwa Mohan Kumar  ,JD(U),2009,8
 Araria  , Bihar  , Pradeep Kumar Singh  ,BJP,2009,9
 Kishanganj  , Bihar  , Mohammad Asrarul Haque  ,INC  ,2009,10
 Katihar  , Bihar  , Nikhil Kumar Choudhary  ,BJP,2009,11
 Purnia  , Bihar  , Uday Singh Alias Pappu Singh  ,BJP,2009,12
 Madhepura  , Bihar  , Sharad Yadav  ,JD(U),2009,13
 Darbhanga  , Bihar  , Kirti Azad  ,BJP,2009,14
 Muzaffarpur  , Bihar  , Captain Jai Narayan Prasad Nishad  ,JD(U),2009,15
 Vaishali  , Bihar  , Raghuvansh Prasad Singh  ,RJD,2009,16
 Gopalganj  , Bihar  , Purnmasi Ram  ,JD(U),2009,17
 Siwan  , Bihar  , Om Prakash Yadav  ,IND,2009,18
 Maharajganj  , Bihar  , Uma Shanaker Singh  ,RJD,2009,19
 Saran  , Bihar  , Lalu Prasad  ,RJD,2009,20
 Hajipur  , Bihar  , Ram Sundar Das  ,JD(U),2009,21
 Ujiarpur  , Bihar  , Aswamedh Devi  ,JD(U),2009,22
 Samastipur  , Bihar  , Maheshwar Hazari  ,JD(U),2009,23
 Begusarai  , Bihar  , Dr. Monazir Hassan  ,JD(U),2009,24
 Khagaria  , Bihar  , Dinesh Chandra Yadav  ,JD(U),2009,25
 Bhagalpur  , Bihar  , Syed Shahnawaz Hussain  ,BJP,2009,26
 Banka  , Bihar  , Digvijay Singh  ,IND,2009,27
 Munger  , Bihar  , Rajiv Ranjan Singh Alias Lalan Singh  ,JD(U),2009,28
 Nalanda  , Bihar  , Kaushalendra Kumar  ,JD(U),2009,29
 Patna Sahib  , Bihar  , Shatrughan Sinha  ,BJP,2009,30
 Pataliputra  , Bihar  , Ranjan Prasad Yadav  ,JD(U),2009,31
 Arrah  , Bihar  , Meena Singh  ,JD(U),2009,32
 Buxar  , Bihar  , Jagada Nand Singh  ,RJD,2009,33
 Sasaram  , Bihar  , Meira Kumar  ,INC  ,2009,34
 Karakat  , Bihar  , Mahabali Singh  ,JD(U),2009,35
 Jahanabad  , Bihar  , Jagdish Sharma  ,JD(U),2009,36
 Aurangabad  , Bihar  , Sushil Kumar Singh  ,JD(U),2009,37
 Gaya  , Bihar  , Hari Manjhi  ,BJP,2009,38
 Nawada  , Bihar  , Bhola Singh  ,BJP,2009,39
 Jamui  , Bihar  , Bhudeo Choudhary  ,JD(U),2009,40
 Sarguja  , Chattisgarh  , Murarilal Singh  ,BJP,2009,1
 Raigarh  , Chattisgarh  , Vishnu Deo Sai  ,BJP,2009,2
 Janjgir-Champa  , Chattisgarh  , Shrimati Kamla Devi Patle  ,BJP,2009,3
 Korba  , Chattisgarh  , Charan Das Mahant  ,INC  ,2009,4
 Bilaspur  , Chattisgarh  , Dilip Singh Judev  ,BJP,2009,5
 Rajnandgaon  , Chattisgarh  , Madhusudan Yadav  ,BJP,2009,6
 Durg  , Chattisgarh  , Saroj Pandey  ,BJP,2009,7
 Raipur  , Chattisgarh  , Ramesh Bais  ,BJP,2009,8
 Mahasamund  , Chattisgarh  , Chandulal Sahu (Chandu Bhaiya)  ,BJP,2009,9
 Bastar  , Chattisgarh  , Baliram Kashyap  ,BJP,2009,10
 Kanker  , Chattisgarh  , Sohan Potai  ,BJP,2009,11
 Kachchh  , Gujarat  , Jat Poonamben Veljibhai  ,BJP,2009,1
 Banaskantha  , Gujarat  ,Gadhvi Mukeshkumar Bheiravdanji  ,INC  ,2009,2
 Patan  , Gujarat  , Jagdish Thakor  ,INC  ,2009,3
 Mahesana  , Gujarat  , Patel Jayshreeben Kanubhai  ,BJP,2009,4
 Sabarkantha  , Gujarat  , Chauhan Mahendrasinh  ,BJP,2009,5
 Gandhinagar  , Gujarat  , L.K.Advani  ,BJP,2009,6
 Ahmedabad East  , Gujarat  , Harin Pathak  ,BJP,2009,7
 Ahmedabad West  , Gujarat  , Dr. Solanki Kiritbhai Premajibhai  ,BJP,2009,8
 Surendranagar  , Gujarat  , Koli Patel Somabhai Gandalal  ,INC  ,2009,9
 Rajkot  , Gujarat  , Kuvarjibhai Mohanbhai Bavalia  ,INC  ,2009,10
 Porbandar  , Gujarat  , Radadiya Vitthalbhai Hansrajbhai  ,INC  ,2009,11
 Jamnagar  , Gujarat  , Ahir Vikrambhai Arjanbhai Madam  ,INC  ,2009,12
 Junagadh  , Gujarat  , Solanki Dinubhai Boghabhai  ,BJP,2009,13
 Amreli  , Gujarat  , Kachhadia Naranbhai  ,BJP,2009,14
 Bhavnagar  , Gujarat  , Rajendrasinh Ghanshyamsinh Rana (Rajubhai Rana)  ,BJP,2009,15
 Anand  , Gujarat  , Solanki Bharatbhai Madhavsinh  ,INC  ,2009,16
 Kheda  , Gujarat  , Dinsha Patel  ,INC  ,2009,17
 Panchmahal  , Gujarat  , Chauhan Prabhatsinh Pratapsinh  ,BJP,2009,18
 Dahod  , Gujarat  , Dr. Prabha Kishor Taviad  ,INC  ,2009,19
 Vadodara  , Gujarat  , Balkrishna Khanderao Shukla (Balu Shukla)  ,BJP,2009,20
 Chhota Udaipur  , Gujarat  , Rathwa Ramsingbhai Patalbhai  ,BJP,2009,21
 Bharuch  , Gujarat  , Mansukhbhai Dhanjibhai Vasava  ,BJP,2009,22
 Bardoli  , Gujarat  , Chaudhari Tusharbhai Amrasinhbhai  ,INC  ,2009,23
 Surat  , Gujarat  , Shrimati Darshana Vikram Jardosh  ,BJP,2009,24
 Navsari  , Gujarat  , C. R. Patil  ,BJP,2009,25
 Valsad  , Gujarat  , Kishanbhai Vestabhai Patel  ,INC  ,2009,26
 Ambala  , Haryana  , Selja  ,INC  ,2009,1
 Kurukshetra  , Haryana  , Naveen Jindal  ,INC  ,2009,2
 Sirsa  , Haryana  , Ashok Tanwar  ,INC  ,2009,3
 Hisar  , Haryana  , Bhajan Lal S/O Kheraj  ,HJCBL,2009,4
 Karnal  , Haryana  , Arvind Kumar Sharma  ,INC  ,2009,5
 Sonipat  , Haryana  , Jitender Singh  ,INC  ,2009,6
 Rohtak  , Haryana  , Deepender Singh  ,INC  ,2009,7
 Bhiwani-Mahendragarh  , Haryana  , Shruti Choudhry  ,INC  ,2009,8
 Gurgaon  , Haryana  , Inderjit Singh  ,INC  ,2009,9
 Faridabad  , Haryana  , Avtar Singh Bhadana  ,INC  ,2009,10
 Kangra  , Himachal Pradesh  , Dr. Rajan Sushant  ,BJP,2009,1
 Mandi  , Himachal Pradesh  , Virbhadra Singh  ,INC  ,2009,2
 Hamirpur  , Himachal Pradesh  , Anurag Singh Thakur  ,BJP,2009,3
 Shimla  , Himachal Pradesh  , Virender Kashyap  ,BJP,2009,4
 Rajmahal  , Jharkhand  , Devidhan Besra  ,BJP,2009,1
 Dumka  , Jharkhand  , Shibu Soren  ,JMM,2009,2
 Godda  , Jharkhand  , Nishikant Dubey  ,BJP,2009,3
 Chatra  , Jharkhand  , Inder Singh Namdhari  ,IND,2009,4
 Kodarma  , Jharkhand  , Babulal Marandi  ,JVM,2009,5
 Giridih  , Jharkhand  , Ravindra Kumar Pandey  ,BJP,2009,6
 Dhanbad  , Jharkhand  , Pashupati Nath Singh  ,BJP,2009,7
 Ranchi  , Jharkhand  , Subodh Kant Sahay  ,INC  ,2009,8
 Jamshedpur  , Jharkhand  , Arjun Munda  ,BJP,2009,9
 Singhbhum  , Jharkhand  , Madhu Kora  ,IND,2009,10
 Khunti  , Jharkhand  , Karia Munda  ,BJP,2009,11
 Lohardaga  , Jharkhand  , Sudarshan Bhagat  ,BJP,2009,12
 Palamau  , Jharkhand  , Kameshwar Baitha  ,JMM,2009,13
 Hazaribagh  , Jharkhand  , Yashwant Sinha  ,BJP,2009,14
 Chikkodi  , Karnataka  , Katti Ramesh Vishwanath  ,BJP,2009,1
 Belgaum  , Karnataka  , Angadi Suresh Channabasappa  ,BJP,2009,2
 Bagalkot  , Karnataka  , Gaddigoudar P.C.  ,BJP,2009,3
 Bijapur  , Karnataka  , Ramesh Chandappa Jigajinagi  ,BJP,2009,4
 Gulbarga  , Karnataka  , Mallikarjun Kharge  ,INC  ,2009,5
 Raichur  , Karnataka  , Pakkirappa.S.  ,BJP,2009,6
 Bidar  , Karnataka  , N.Dharam Singh  ,INC  ,2009,7
 Koppal  , Karnataka  , Shivaramagouda Shivanagouda  ,BJP,2009,8
 Bellary  , Karnataka  , J. Shantha  ,BJP,2009,9
 Haveri  , Karnataka  , Udasi Shivkumar Chanabasappa  ,BJP,2009,10
 Dharwad  , Karnataka  , Pralhad Joshi  ,BJP,2009,11
 Uttara Kannada  , Karnataka  , Anantkumar Hegde  ,BJP,2009,12
 Davanagere  , Karnataka  , Siddeswara G.M.  ,BJP,2009,13
 Shimoga  , Karnataka  , B.Y. Raghavendra  ,BJP,2009,14
 Udupi Chikmagalur  , Karnataka  , D.V.Sadananda Gowda  ,BJP,2009,15
 Hassan  , Karnataka  , H. D. Devegowda  ,JD(S),2009,16
 Dakshina Kannada  , Karnataka  , Nalin Kumar Kateel  ,BJP,2009,17
 Chitradurga  , Karnataka  , Janardhana Swamy  ,BJP,2009,18
 Tumkur  , Karnataka  , G.S. Basavaraj  ,BJP,2009,19
 Mandya  , Karnataka  , N Cheluvaraya Swamy @ Swamygowda  ,JD(S),2009,20
 Mysore  , Karnataka  , Adagur H Vishwanath  ,INC  ,2009,21
 Chamarajanagar  , Karnataka  , R.Dhruvanarayana  ,INC  ,2009,22
 Bangalore Rural  , Karnataka  , H.D.Kumaraswamy  ,JD(S),2009,23
 Bangalore North  , Karnataka  , D. B. Chandre Gowda  ,BJP,2009,24
 Bangalore Central  , Karnataka  , P. C. Mohan  ,BJP,2009,25
 Bangalore South  , Karnataka  , Ananth Kumar  ,BJP,2009,26
 Chikkballapur  , Karnataka  , M.Veerappa Moily  ,INC  ,2009,27
 Kolar  , Karnataka  , K.H.Muniyappa  ,INC  ,2009,28
 Kasaragod  , Kerala  , P Karunakaran  ,CPM,2009,1
 Kannur  , Kerala  , K. Sudhakaran  ,INC  ,2009,2
 Vadakara  , Kerala  , Mullappally Ramachandran  ,INC  ,2009,3
 Wayanad  , Kerala  , M.I. Shanavas  ,INC  ,2009,4
 Kozhikode  , Kerala  , M.K. Raghavan  ,INC  ,2009,5
 Malappuram  , Kerala  , E. Ahamed  ,MUL,2009,6
 Ponnani  , Kerala  , E.T. Muhammed Basheer  ,MUL,2009,7
 Palakkad  , Kerala  , M.B. Rajesh  ,CPM,2009,8
 Alathur  , Kerala  , P.K Biju  ,CPM,2009,9
 Thrissur  , Kerala  , P C Chacko  ,INC  ,2009,10
 Chalakudy  , Kerala  , K.P. Dhanapalan  ,INC  ,2009,11
 Ernakulam  , Kerala  , Prof. K V Thomas  ,INC  ,2009,12
 Idukki  , Kerala  , Adv. P.T Thomas  ,INC  ,2009,13
 Kottayam  , Kerala  , Jose K.Mani (Karingozheckal)  ,KEC(M),2009,14
 Alappuzha  , Kerala  , K.C Venugopal  ,INC  ,2009,15
 Mavelikkara  , Kerala  , Kodikkunnil Suresh  ,INC  ,2009,16
 Pathanamthitta  , Kerala  , Anto Antony Punnathaniyil  ,INC  ,2009,17
 Kollam  , Kerala  , N.Peethambarakurup  ,INC  ,2009,18
 Attingal  , Kerala  , Adv. A Sampath  ,CPM,2009,19
 Thiruvananthapuram  , Kerala  , Shashi Tharoor  ,INC  ,2009,20
 Morena  , Madhya Pradesh  , Narendra Singh Tomar  ,BJP,2009,1
 Bhind  , Madhya Pradesh  , Ashok Argal  ,BJP,2009,2
 Gwalior  , Madhya Pradesh  , Yashodhara Raje Scindia  ,BJP,2009,3
 Guna  , Madhya Pradesh  , Jyotiraditya Madhavrao Scindia  ,INC  ,2009,4
 Sagar  , Madhya Pradesh  , Bhupendra Singh  ,BJP,2009,5
 Tikamgarh  , Madhya Pradesh  , Virendra Kumar  ,BJP,2009,6
 Damoh  , Madhya Pradesh  , Shivraj Bhaiya  ,BJP,2009,7
 Khajuraho  , Madhya Pradesh  , Jeetendra Singh Bundela  ,BJP,2009,8
 Satna  , Madhya Pradesh  , Ganesh Singh  ,BJP,2009,9
 Rewa  , Madhya Pradesh  , Deoraj Singh Patel  ,BSP,2009,10
 Sidhi  , Madhya Pradesh  , Govind Prasad Mishra  ,BJP,2009,11
 Shahdol  , Madhya Pradesh  , Rajesh Nandini Singh  ,INC  ,2009,12
 Jabalpur  , Madhya Pradesh  , Rakesh Singh  ,BJP,2009,13
 Mandla  , Madhya Pradesh  , Basori Singh Masram  ,INC  ,2009,14
 Balaghat  , Madhya Pradesh  , K. D. Deshmukh  ,BJP,2009,15
 Chhindwara  , Madhya Pradesh  , Kamal Nath  ,INC  ,2009,16
 Hoshangabad  , Madhya Pradesh  , Uday Pratap Singh  ,INC  ,2009,17
 Vidisha  , Madhya Pradesh  , Sushma Swaraj  ,BJP,2009,18
 Bhopal  , Madhya Pradesh  , Kailash Joshi  ,BJP,2009,19
 Rajgarh  , Madhya Pradesh  , Narayansingh Amlabe  ,INC  ,2009,20
 Dewas  , Madhya Pradesh  , Sajjan Singh Verma  ,INC  ,2009,21
 Ujjain  , Madhya Pradesh  , Guddu Premchand  ,INC  ,2009,22
 Mandsour  , Madhya Pradesh  , Meenakshi Natrajan  ,INC  ,2009,23
 Ratlam  , Madhya Pradesh  , Kantilal Bhuria  ,INC  ,2009,24
 Dhar  , Madhya Pradesh  , Gajendra Singh Rajukhedi  ,INC  ,2009,25
 Indore  , Madhya Pradesh  , Sumitra Mahajan (Tai)  ,BJP,2009,26
 Khargone  , Madhya Pradesh  , Makansingh Solanki (Babuji)  ,BJP,2009,27
 Khandwa  , Madhya Pradesh  , Arun Subhashchandra Yadav  ,INC  ,2009,28
 Betul  , Madhya Pradesh  , Jyoti Dhurve  ,BJP,2009,29
 Nandurbar  , Maharashtra  , Gavit Manikrao Hodlya  ,INC  ,2009,1
 Dhule  , Maharashtra  , Sonawane Pratap Narayanrao  ,BJP,2009,2
 Jalgaon  , Maharashtra  , A.T. Nana Patil  ,BJP,2009,3
 Raver  , Maharashtra  , Haribhau Madhav Jawale  ,BJP,2009,4
 Buldhana  , Maharashtra  , Jadhav Prataprao Ganpatrao  ,SHS,2009,5
 Akola  , Maharashtra  , Dhotre Sanjay Shamrao  ,BJP,2009,6
 Amravati  , Maharashtra  , Adsul Anandrao Vithoba  ,SHS,2009,7
 Wardha  , Maharashtra  , Datta Meghe  ,INC  ,2009,8
 Ramtek  , Maharashtra  , Wasnik Mukul Balkrishna  ,INC  ,2009,9
 Nagpur  , Maharashtra  , Muttemwar Vilasrao Baburaoji  ,INC  ,2009,10
 Bhandara - Gondiya  , Maharashtra  , Patel Praful Manoharbhai  ,NCP,2009,11
 Gadchiroli-Chimur  , Maharashtra  , Kowase Marotrao Sainuji  ,INC  ,2009,12
 Chandrapur  , Maharashtra  , Ahir Hansaraj Gangaram  ,BJP,2009,13
 Yavatmal-Washim  , Maharashtra  , Bhavana Gawali (Patil)  ,SHS,2009,14
 Hingoli  , Maharashtra  , Subhash Bapurao Wankhede  ,SHS,2009,15
 Nanded  , Maharashtra  , Khatgaonkar Patil Bhaskarrao Bapurao  ,INC  ,2009,16
 Parbhani  , Maharashtra  , Adv. Dudhgaonkar Ganeshrao Nagorao  ,SHS,2009,17
 Jalna  , Maharashtra  , Danve Raosaheb Dadarao  ,BJP,2009,18
 Aurangabad  , Maharashtra  , Chandrakant Khaire  ,SHS,2009,19
 Dindori  , Maharashtra  , Chavan Harishchandra Deoram  ,BJP,2009,20
 Nashik  , Maharashtra  , Sameer Bhujbal  ,NCP,2009,21
 Palghar  , Maharashtra  , Jadhav Baliram Sukur  ,BVA,2009,22
 Bhiwandi  , Maharashtra  , Taware Suresh Kashinath  ,INC  ,2009,23
 Kalyan  , Maharashtra  , Anand Prakash Paranjape  ,SHS,2009,24
 Thane  , Maharashtra  , Dr.Sanjeev Ganesh Naik  ,NCP,2009,25
 Mumbai North  , Maharashtra  , Sanjay Brijkishorlal Nirupam  ,INC  ,2009,26
 Mumbai North West  , Maharashtra  , Ad.Kamat Gurudas Vasant  ,INC  ,2009,27
 Mumbai North East  , Maharashtra  , Sanjay Dina Patil  ,NCP,2009,28
 Mumbai North Central  , Maharashtra  , Dutt Priya Sunil  ,INC  ,2009,29
 Mumbai South Central  , Maharashtra  , Eknath M. Gaikwad  ,INC  ,2009,30
 Mumbai South  , Maharashtra  , Deora Milind Murli  ,INC  ,2009,31
 Raigad  , Maharashtra  , Anant Geete  ,SHS,2009,32
 Maval  , Maharashtra  , Babar Gajanan Dharmshi  ,SHS,2009,33
 Pune  , Maharashtra  , Kalmadi Suresh  ,INC  ,2009,34
 Baramati  , Maharashtra  , Supriya Sule  ,NCP,2009,35
 Shirur  , Maharashtra  , Adhalrao Shivaji Dattatray  ,SHS,2009,36
 Ahmadnagar  , Maharashtra  , Gandhi Dilipkumar Mansukhlal  ,BJP,2009,37
 Shirdi  , Maharashtra  , Wakchaure Bhausaheb Rajaram  ,SHS,2009,38
 Beed  , Maharashtra  , Munde Gopinathrao Pandurang  ,BJP,2009,39
 Osmanabad  , Maharashtra  , Patil Padamsinha Bajirao  ,NCP,2009,40
 Latur  , Maharashtra  , Awale Jaywant Gangaram  ,INC  ,2009,41
 Solapur  , Maharashtra  , Shinde Sushilkumar Sambhajirao  ,INC  ,2009,42
 Madha  , Maharashtra  , Pawar Sharadchandra Govindrao  ,NCP,2009,43
 Sangli  , Maharashtra  , Pratik Prakashbapu Patil  ,INC  ,2009,44
 Satara  , Maharashtra  ,  Bhonsle Shrimant Chh.  Udyanraje Pratapsinhmaharaj  ,NCP,2009,45
 Ratnagiri - Sindhudurg  , Maharashtra  , Dr.Nilesh Narayan Rane  ,INC  ,2009,46
 Kolhapur  , Maharashtra  , Sadashivrao Dadoba Mandlik  ,IND,2009,47
 Hatkanangle  , Maharashtra  , Shetti Raju Alias Devappa Anna  ,SWP,2009,48
 Chandni Chowk  , Nct Of Delhi  , Kapil Sibal  ,INC  ,2009,1
 North East Delhi  , Nct Of Delhi  , Jai Prakash Agarwal  ,INC  ,2009,2
 East Delhi  , Nct Of Delhi  , Sandeep Dikshit  ,INC  ,2009,3
 New Delhi  , Nct Of Delhi  , Ajay Makan  ,INC  ,2009,4
 North West Delhi  , Nct Of Delhi  , Krishna Tirath  ,INC  ,2009,5
 West Delhi  , Nct Of Delhi  , Mahabal Mishra  ,INC  ,2009,6
 South Delhi  , Nct Of Delhi  , Ramesh Kumar  ,INC  ,2009,7
 Bargarh  , Orissa  , Sanjay Bhoi  ,INC  ,2009,1
 Sundargarh  , Orissa  , Hemanand Biswal  ,INC  ,2009,2
 Sambalpur  , Orissa  , Amarnath Pradhan  ,INC  ,2009,3
 Keonjhar  , Orissa  , Yashbant Narayan Singh Laguri  ,BJD,2009,4
 Mayurbhanj  , Orissa  , Laxman Tudu  ,BJD,2009,5
 Balasore  , Orissa  , Srikant Kumar Jena  ,INC  ,2009,6
 Bhadrak  , Orissa  , Arjun Charan Sethi  ,BJD,2009,7
 Jajpur  , Orissa  , Mohan Jena  ,BJD,2009,8
 Dhenkanal  , Orissa  , Tathagata Satpathy  ,BJD,2009,9
 Bolangir  , Orissa  , Kalikesh Narayan Singh Deo  ,BJD,2009,10
 Kalahandi  , Orissa  , Bhakta Charan Das  ,INC  ,2009,11
 Nabarangpur  , Orissa  , Pradeep Kumar Majhi  ,INC  ,2009,12
 Kandhamal  , Orissa  , Rudramadhab Ray  ,BJD,2009,13
 Cuttack  , Orissa  , Bhartruhari Mahtab  ,BJD,2009,14
 Kendrapara  , Orissa  , Baijayant Panda  ,BJD,2009,15
 Jagatsinghpur  , Orissa  , Bibhu Prasad Tarai  ,CPI,2009,16
 Puri  , Orissa  , Pinaki Misra  ,BJD,2009,17
 Bhubaneswar  , Orissa  , Prasanna Kumar Patasani  ,BJD,2009,18
 Aska  , Orissa  , Nityananda Pradhan  ,BJD,2009,19
 Berhampur  , Orissa  , Sidhant Mohapatra  ,BJD,2009,20
 Koraput  , Orissa  , Jayaram Pangi  ,BJD,2009,21
 Gurdaspur  , Punjab  , Partap Singh Bajwa  ,INC  ,2009,1
 Amritsar  , Punjab  , Navjot Singh Sidhu  ,BJP,2009,2
 Khadoor Sahib  , Punjab  , Dr. Rattan Singh Ajnala  ,SAD,2009,3
 Jalandhar  , Punjab  , Mohinder Singh Kaypee  ,INC  ,2009,4
 Hoshiarpur  , Punjab  , Santosh Chowdhary  ,INC  ,2009,5
 Anandpur Sahib  , Punjab  , Ravneet Singh  ,INC  ,2009,6
 Ludhiana  , Punjab  , Manish Tewari  ,INC  ,2009,7
 Fatehgarh Sahib  , Punjab  , Sukhdev Singh  ,INC  ,2009,8
 Faridkot  , Punjab  , Paramjit Kaur Gulshan  ,SAD,2009,9
 Ferozpur  , Punjab  , Sher Singh Ghubaya  ,SAD,2009,10
 Bathinda  , Punjab  , Harsimrat Kaur Badal  ,SAD,2009,11
 Sangrur  , Punjab  , Vijay Inder Singla  ,INC  ,2009,12
 Patiala  , Punjab  , Preneet Kaur  ,INC  ,2009,13
 Ganganagar  , Rajasthan  , Bharat Ram Meghwal  ,INC  ,2009,1
 Bikaner  , Rajasthan  , Arjun Ram Meghwal  ,BJP,2009,2
 Churu  , Rajasthan  , Ram Singh Kaswan  ,BJP,2009,3
 Jhunjhunu  , Rajasthan  , Sheesh Ram Ola  ,INC  ,2009,4
 Sikar  , Rajasthan  , Mahadev Singh  ,INC  ,2009,5
 Jaipur Rural  , Rajasthan  , Lal Chand Kataria  ,INC  ,2009,6
 Jaipur  , Rajasthan  , Mahesh Joshi  ,INC  ,2009,7
 Alwar  , Rajasthan  , Jitendra Singh  ,INC  ,2009,8
 Bharatpur  , Rajasthan  , Ratan Singh  ,INC  ,2009,9
 Karauli-Dholpur  , Rajasthan  , Khiladi Lal Bairwa  ,INC  ,2009,10
 Dausa  , Rajasthan  , Kirodi Lal  ,IND,2009,11
Tonk-Sawai Madhopur, Rajasthan  ,Namo Narain,INC,2009,12
 Ajmer  , Rajasthan  , Sachin Pilot  ,INC  ,2009,13
 Nagaur  , Rajasthan  , Dr. Jyoti Mirdha  ,INC  ,2009,14
 Pali  , Rajasthan  , Badri Ram Jakhar  ,INC  ,2009,15
 Jodhpur  , Rajasthan  , Chandresh Kumari  ,INC  ,2009,16
 Barmer  , Rajasthan  , Harish Choudhary  ,INC  ,2009,17
 Jalore  , Rajasthan  , Devji Patel  ,BJP,2009,18
 Udaipur  , Rajasthan  , Raghuvir Singh Meena  ,INC  ,2009,19
 Banswara  , Rajasthan  , Tarachand Bhagora  ,INC  ,2009,20
 Chittorgarh  , Rajasthan  , (Dr.)girija Vyas  ,INC  ,2009,21
 Rajsamand  , Rajasthan  , Gopal Singh  ,INC  ,2009,22
 Bhilwara  , Rajasthan  , Dr. C. P. Joshi  ,INC  ,2009,23
 Kota  , Rajasthan  , Ijyaraj Singh  ,INC  ,2009,24
 Jhalawar-Baran  , Rajasthan  , Dushyant Singh  ,BJP,2009,25
 Thiruvallur  , Tamil Nadu  , Venugopal.P  ,ADMK,2009,1
 Chennai North  , Tamil Nadu  , Elangovan T.K.S  ,DMK,2009,2
 Chennai South  , Tamil Nadu  , Rajendran C  ,ADMK,2009,3
 Chennai Central  , Tamil Nadu  , Dayanidhi Maran  ,DMK,2009,4
 Sriperumbudur  , Tamil Nadu  , Baalu T R  ,DMK,2009,5
 Kancheepuram  , Tamil Nadu  , Viswanathan.P  ,INC  ,2009,6
 Arakkonam  , Tamil Nadu  , Jagathrakshakan  ,DMK,2009,7
 Vellore  , Tamil Nadu  , Abdulrahman  ,DMK,2009,8
 Krishnagiri  , Tamil Nadu  , Sugavanam. E.G.  ,DMK,2009,9
 Dharmapuri  , Tamil Nadu  , Thamaraiselvan. R  ,DMK,2009,10
 Tiruvannamalai  , Tamil Nadu  , Venugopal.D  ,DMK,2009,11
 Arani  , Tamil Nadu  , Krishnasamy M  ,INC  ,2009,12
 Viluppuram  , Tamil Nadu  , Anandan M  ,ADMK,2009,13
 Kallakurichi  , Tamil Nadu  , Sankar Adhi  ,DMK,2009,14
 Salem  , Tamil Nadu  , Semmalai S  ,ADMK,2009,15
 Namakkal  , Tamil Nadu  , Gandhiselvan.S  ,DMK,2009,16
 Erode  , Tamil Nadu  , Ganeshamurthi.A.  ,MDMK,2009,17
 Tiruppur  , Tamil Nadu  , Sivasami C  ,ADMK,2009,18
 Nilgiris  , Tamil Nadu  , Raja A  ,DMK,2009,19
 Coimbatore  , Tamil Nadu  , Natarajan.P.R.  ,CPM,2009,20
 Pollachi  , Tamil Nadu  , Sugumar.K  ,ADMK,2009,21
 Dindigul  , Tamil Nadu  , Chitthan N S V  ,INC  ,2009,22
 Karur  , Tamil Nadu  , Tambidurai.M  ,ADMK,2009,23
 Tiruchirappalli  , Tamil Nadu  , Kumar.P  ,ADMK,2009,24
 Perambalur  , Tamil Nadu  ," Napoleon,D.  ",DMK,2009,25
 Cuddalore  , Tamil Nadu  , Alagiri S  ,INC  ,2009,26
 Chidambaram  , Tamil Nadu  ," Thirumaavalavan, Thol  ",VCK ,2009,27
 Mayiladuthurai  , Tamil Nadu  , Manian O.S  ,ADMK,2009,28
 Nagapattinam  , Tamil Nadu  , Vijayan A K S  ,DMK,2009,29
 Thanjavur  , Tamil Nadu  , Palanimanickam.S.S  ,DMK,2009,30
 Sivaganga  , Tamil Nadu  , Chidambaram P  ,INC  ,2009,31
 Madurai  , Tamil Nadu  , Alagiri M.K  ,DMK,2009,32
 Theni  , Tamil Nadu  , Aaron Rashid.J.M  ,INC  ,2009,33
 Virudhunagar  , Tamil Nadu  , Manicka Tagore  ,INC  ,2009,34
 Ramanathapuram  , Tamil Nadu  , Sivakumar @ J.K. Ritheesh. K  ,DMK,2009,35
 Thoothukkudi  , Tamil Nadu  , Jeyadurai.S.R  ,DMK,2009,36
 Tenkasi  , Tamil Nadu  , Lingam P  ,CPI,2009,37
 Tirunelveli  , Tamil Nadu  , Ramasubbu S  ,INC  ,2009,38
 Kanniyakumari  , Tamil Nadu  , Helen Davidson J  ,DMK,2009,39
 Saharanpur  , Uttar Pradesh  , Jagdish Singh Rana  ,BSP,2009,1
 Kairana  , Uttar Pradesh  , Tabassum Begum  ,BSP,2009,2
 Muzaffarnagar  , Uttar Pradesh  , Kadir Rana  ,BSP,2009,3
 Bijnor  , Uttar Pradesh  , Sanjay Singh Chauhan  , RLD  ,2009,4
 Nagina  , Uttar Pradesh  , Yashvir Singh  ,SP  ,2009,5
 Moradabad  , Uttar Pradesh  , Mohammed Azharuddin  ,INC  ,2009,6
 Rampur  , Uttar Pradesh  , Jaya Prada Nahata  ,SP  ,2009,7
 Sambhal  , Uttar Pradesh  , Dr. Shafiqur Rahman Barq  ,BSP,2009,8
 Amroha  , Uttar Pradesh  , Devendra Nagpal  , RLD  ,2009,9
 Meerut  , Uttar Pradesh  , Rajendra Agarwal  ,BJP,2009,10
 Baghpat  , Uttar Pradesh  , Ajit Singh  , RLD  ,2009,11
 Ghaziabad  , Uttar Pradesh  , Rajnath Singh  ,BJP,2009,12
 Gautam Buddh Nagar  , Uttar Pradesh  , Surendra Singh Nagar  ,BSP,2009,13
 Bulandshahr  , Uttar Pradesh  , Kamlesh  ,SP  ,2009,14
 Aligarh  , Uttar Pradesh  , Raj Kumari Chauhan  ,BSP,2009,15
 Hathras  , Uttar Pradesh  , Sarika Singh  , RLD  ,2009,16
 Mathura  , Uttar Pradesh  , Jayant Chaudhary  , RLD  ,2009,17
 Agra  , Uttar Pradesh  , Dr. Ramshankar  ,BJP,2009,18
 Fatehpur Sikri  , Uttar Pradesh  , Seema Upadhyay  ,BSP,2009,19
 Firozabad  , Uttar Pradesh  , Akhilesh Yadav  ,SP  ,2009,20
 Mainpuri  , Uttar Pradesh  , Mulayam Singh Yadav  ,SP  ,2009,21
 Etah  , Uttar Pradesh  , Kalyan Singh R O Madholi  ,IND,2009,22
 Badaun  , Uttar Pradesh  , Dharmendra Yadav  ,SP  ,2009,23
 Aonla  , Uttar Pradesh  , Menka Gandhi  ,BJP,2009,24
 Bareilly  , Uttar Pradesh  , Praveen Singh Aron  ,INC  ,2009,25
 Pilibhit  , Uttar Pradesh  , Feroze Varun Gandhi  ,BJP,2009,26
 Shahjahanpur  , Uttar Pradesh  , Mithlesh  ,SP  ,2009,27
 Kheri  , Uttar Pradesh  , Zafar Ali Naqvi  ,INC  ,2009,28
 Dhaurahra  , Uttar Pradesh  , Kunwar Jitin Prasad  ,INC  ,2009,29
 Sitapur  , Uttar Pradesh  , Kaisar Jahan  ,BSP,2009,30
 Hardoi  , Uttar Pradesh  , Usha Verma  ,SP  ,2009,31
 Misrikh  , Uttar Pradesh  , Ashok Kumar Rawat  ,BSP,2009,32
 Unnao  , Uttar Pradesh  , Annutandon  ,INC  ,2009,33
 Mohanlalganj  , Uttar Pradesh  , Sushila Saroj  ,SP  ,2009,34
 Lucknow  , Uttar Pradesh  , Lal Ji Tandon  ,BJP,2009,35
 Rae Bareli  , Uttar Pradesh  , Sonia Gandhi  ,INC  ,2009,36
 Amethi  , Uttar Pradesh  , Rahul Gandhi  ,INC  ,2009,37
 Sultanpur  , Uttar Pradesh  , Dr.Sanjay Singh  ,INC  ,2009,38
 Pratapgarh  , Uttar Pradesh  , Rajkumari Ratna Singh  ,INC  ,2009,39
 Farrukhabad  , Uttar Pradesh  , Salman Khursheed  ,INC  ,2009,40
 Etawah  , Uttar Pradesh  , Premdas  ,SP  ,2009,41
 Kannauj  , Uttar Pradesh  , Akhilesh Yadav  ,SP  ,2009,42
 Kanpur  , Uttar Pradesh  , Sri Prakash Jaiswal  ,INC  ,2009,43
 Akbarpur  , Uttar Pradesh  , Rajaram Pal  ,INC  ,2009,44
 Jalaun  , Uttar Pradesh  , Ghansyam Anuragi  ,SP  ,2009,45
 Jhansi  , Uttar Pradesh  , Pradeep Kumar Jain (Aditya)  ,INC  ,2009,46
 Hamirpur  , Uttar Pradesh  , Vijay Bahadur Singh  ,BSP,2009,47
 Banda  , Uttar Pradesh  , R. K. Singh Patel  ,SP  ,2009,48
 Fatehpur  , Uttar Pradesh  , Rakesh Sachan  ,SP  ,2009,49
 Kaushambi  , Uttar Pradesh  , Shailendra Kumar  ,SP  ,2009,50
 Phulpur  , Uttar Pradesh  , Kapil Muni Karwariya  ,BSP,2009,51
 Allahabad  , Uttar Pradesh  , Kunwar Rewati Raman Singh Alias Mani Ji  ,SP  ,2009,52
 Barabanki  , Uttar Pradesh  , P.L.Punia  ,INC  ,2009,53
 Faizabad  , Uttar Pradesh  , Nirmal Khatri  ,INC  ,2009,54
 Ambedkar Nagar  , Uttar Pradesh  , Rakesh Pandey  ,BSP,2009,55
 Bahraich  , Uttar Pradesh  , Kamal Kishor  ,INC  ,2009,56
 Kaiserganj  , Uttar Pradesh  , Brijbhushan Sharan Singh  ,SP  ,2009,57
 Shrawasti  , Uttar Pradesh  , Vinay Kumar Alias Vinnu  ,INC  ,2009,58
 Gonda  , Uttar Pradesh  , Beni Prasad Verma  ,INC  ,2009,59
 Domariyaganj  , Uttar Pradesh  , Jagdambika Pal  ,INC  ,2009,60
 Basti  , Uttar Pradesh  , Arvind Kumar Chaudhary  ,BSP,2009,61
 Sant Kabir Nagar  , Uttar Pradesh  , Bhisma Shankar Alias Kushal Tiwari  ,BSP,2009,62
 Maharajganj  , Uttar Pradesh  , Harsh Vardhan  ,INC  ,2009,63
 Gorakhpur  , Uttar Pradesh  , Adityanath  ,BJP,2009,64
 Kushi Nagar  , Uttar Pradesh  , Ku. Ratanjeet Pratap Narayan Singh  ,INC  ,2009,65
 Deoria  , Uttar Pradesh  , Gorakh Prasad Jaiswal  ,BSP,2009,66
 Bansgaon  , Uttar Pradesh  , Kamlesh Paswan  ,BJP,2009,67
 Lalganj  , Uttar Pradesh  , Dr. Baliram  ,BSP,2009,68
 Azamgarh  , Uttar Pradesh  , Ramakant Yadav  ,BJP,2009,69
 Ghosi  , Uttar Pradesh  , Dara Singh Chauhan  ,BSP,2009,70
 Salempur  , Uttar Pradesh  , Ramashankar Rajbhar  ,BSP,2009,71
 Ballia  , Uttar Pradesh  , Neeraj Shekhar  ,SP  ,2009,72
 Jaunpur  , Uttar Pradesh  , Dhananjay Singh  ,BSP,2009,73
 Machhlishahr  , Uttar Pradesh  , Tufani Saroj  ,SP  ,2009,74
 Ghazipur  , Uttar Pradesh  , Radhey Mohan Singh  ,SP  ,2009,75
Chandauli, Uttar Pradesh  ,Ram Kishun,SP,2009,76
 Varanasi  , Uttar Pradesh  , Dr. Murli Manohar Joshi  ,BJP,2009,77
 Bhadohi  , Uttar Pradesh  , Gorakhnath  ,BSP,2009,78
 Mirzapur  , Uttar Pradesh  , Bal Kumar Patel  ,SP  ,2009,79
 Robertsganj  , Uttar Pradesh  , Pakauri Lal  ,SP  ,2009,80
 Tehri Garhwal  , Uttarakhand  , Vijay Bahuguna  ,INC  ,2009,1
 Garhwal  , Uttarakhand  , Satpal Maharaj  ,INC  ,2009,2
 Almora  , Uttarakhand  , Pradeep Tamta  ,INC  ,2009,3
 Nainital-Udhamsingh Nagar  , Uttarakhand  , K.C. Singh Baba  ,INC  ,2009,4
 Hardwar  , Uttarakhand  , Harish Rawat  ,INC  ,2009,5
 Cooch Behar  , West Bengal  , Nripendra Nath Roy  ,AIFB,2009,1
 Alipurduars  , West Bengal  , Manohar Tirkey  ,RSP,2009,2
 Jalpaiguri  , West Bengal  , Mahendra Kumar Roy  ,CPM,2009,3
 Darjeeling  , West Bengal  , Jaswant Singh  ,BJP,2009,4
 Raiganj  , West Bengal  , Deepa Dasmunsi  ,INC  ,2009,5
 Balurghat  , West Bengal  , Prasanta Kumar Majumdar  ,RSP,2009,6
 Maldaha Uttar  , West Bengal  , Mausam Noor  ,INC  ,2009,7
 Maldaha Dakshin  , West Bengal  , Abu Hasem Khan Choudhury  ,INC  ,2009,8
 Jangipur  , West Bengal  , Pranab Mukherjee  ,INC  ,2009,9
 Baharampur  , West Bengal  , Adhir Ranjan Chowdhury  ,INC  ,2009,10
 Murshidabad  , West Bengal  , Abdul Mannan Hossain  ,INC  ,2009,11
 Krishnanagar  , West Bengal  , Tapas Paul  ,AITC,2009,12
 Ranaghat  , West Bengal  , Sucharu Ranjan Haldar  ,AITC,2009,13
 Bangaon  , West Bengal  , Gobinda Chandra Naskar  ,AITC,2009,14
 Barrackpore  , West Bengal  , Dinesh Trivedi  ,AITC,2009,15
 Dum Dum  , West Bengal  , Saugata Ray  ,AITC,2009,16
 Barasat  , West Bengal  , Kakali Ghosh Dastidar  ,AITC,2009,17
 Basirhat  , West Bengal  , Sk. Nurul Islam  ,AITC,2009,18
 Joynagar  , West Bengal  , Dr. Tarun Mondal  ,IND,2009,19
 Mathurapur  , West Bengal  , Choudhury Mohan Jatua  ,AITC,2009,20
 Diamond Harbour  , West Bengal  , Somendra Nath Mitra  ,AITC,2009,21
 Jadavpur  , West Bengal  , Kabir Suman  ,AITC,2009,22
 Kolkata Dakshin  , West Bengal  , Mamata Banerjee  ,AITC,2009,23
 Kolkata Uttar  , West Bengal  , Sudip Bandyopadhyay  ,AITC,2009,24
 Howrah  , West Bengal  , Ambica Banerjee  ,AITC,2009,25
 Uluberia  , West Bengal  , Sultan Ahmed  ,AITC,2009,26
 Srerampur  , West Bengal  , Kalyan Banerjee  ,AITC,2009,27
 Hooghly  , West Bengal  , Dr. Ratna De(Nag)  ,AITC,2009,28
 Arambagh  , West Bengal  , Malik Sakti Mohan  ,CPM,2009,29
 Tamluk  , West Bengal  , Adhikari Suvendu  ,AITC,2009,30
 Kanthi  , West Bengal  , Adhikari Sisir Kumar  ,AITC,2009,31
 Ghatal  , West Bengal  , Gurudas Dasgupta  ,CPI,2009,32
 Jhargram  , West Bengal  , Pulin Bihari Baske  ,CPM,2009,33
 Medinipur  , West Bengal  , Prabodh Panda  ,CPI,2009,34
 Purulia  , West Bengal  , Narahari Mahato  ,AIFB,2009,35
 Bankura  , West Bengal  , Acharia Basudeb  ,CPM,2009,36
 Bishnupur  , West Bengal  , Susmita Bauri  ,CPM,2009,37
 Bardhaman Purba  , West Bengal  , Anup Kumar Saha  ,CPM,2009,38
 Burdwan - Durgapur  , West Bengal  , Sk. Saidul Haque  ,CPM,2009,39
 Asansol  , West Bengal  , Bansa Gopal Chowdhury  ,CPM,2009,40
 Bolpur  , West Bengal  , Doctor Ram Chandra Dome  ,CPM,2009,41
 Birbhum  , West Bengal  , Satabdi Roy  ,AITC,2009,42
